FIPS,county_name,fi_rate,fi_people,fi_rate_2023,fi_people_2023,rate_change_pp
27001,Aitkin,0.15,2420.0,0.137,2190.0,1.2999999999999985
27003,Anoka,0.089,32940.0,0.085,31330.0,0.39999999999999897
27005,Becker,0.135,4760.0,0.117,4120.0,1.8000000000000003
27007,Beltrami,0.15,7000.0,0.138,6390.0,1.1999999999999984
27009,Benton,0.126,5250.0,0.115,4780.0,1.0999999999999996
27011,Big Stone,0.134,690.0,0.119,610.0,1.5000000000000013
27013,Blue Earth,0.132,9190.0,0.117,8100.0,1.5
27015,Brown,0.11,2830.0,0.098,2540.0,1.1999999999999997
27017,Carlton,0.13,4730.0,0.12,4380.0,1.0000000000000009
27019,Carver,0.078,8570.0,0.073,7930.0,0.5000000000000004
27021,Cass,0.132,4090.0,0.126,3860.0,0.6000000000000005
27023,Chippewa,0.146,1810.0,0.13,1610.0,1.5999999999999988
27025,Chisago,0.09,5230.0,0.088,5030.0,0.20000000000000018
27027,Clay,0.128,8480.0,0.116,7630.0,1.1999999999999997
27029,Clearwater,0.151,1300.0,0.135,1160.0,1.5999999999999988
27031,Cook,0.12,680.0,0.116,650.0,0.39999999999999897
27033,Cottonwood,0.142,1630.0,0.132,1510.0,0.9999999999999981
27035,Crow Wing,0.129,8750.0,0.116,7790.0,1.2999999999999998
27037,Dakota,0.094,41960.0,0.085,37370.0,0.8999999999999995
27039,Dodge,0.093,1960.0,0.08,1690.0,1.2999999999999998
27041,Douglas,0.11,4340.0,0.1,3930.0,0.9999999999999996
27043,Faribault,0.129,1800.0,0.118,1650.0,1.100000000000001
27045,Fillmore,0.1,2140.0,0.099,2110.0,0.10000000000000009
27047,Freeborn,0.128,3910.0,0.11,3370.0,1.8000000000000003
27049,Goodhue,0.109,5200.0,0.101,4810.0,0.7999999999999994
27051,Grant,0.128,780.0,0.116,710.0,1.1999999999999997
27053,Hennepin,0.113,143160.0,0.103,131040.0,1.0000000000000009
27055,Houston,0.092,1720.0,0.089,1670.0,0.30000000000000027
27057,Hubbard,0.128,2800.0,0.117,2530.0,1.0999999999999996
27059,Isanti,0.106,4500.0,0.102,4270.0,0.40000000000000036
27061,Itasca,0.139,6300.0,0.133,6010.0,0.6000000000000005
27063,Jackson,0.11,1090.0,0.105,1040.0,0.5000000000000004
27065,Kanabec,0.131,2150.0,0.12,1960.0,1.100000000000001
27067,Kandiyohi,0.129,5680.0,0.113,4930.0,1.6
27069,Kittson,0.098,400.0,0.102,430.0,-0.39999999999999897
27071,Koochiching,0.143,1690.0,0.129,1540.0,1.3999999999999986
27073,Lac qui Parle,0.112,750.0,0.103,690.0,0.9000000000000008
27075,Lake,0.116,1270.0,0.111,1210.0,0.5000000000000004
27077,Lake of the Woods,0.107,410.0,0.102,390.0,0.5000000000000004
27079,Le Sueur,0.106,3100.0,0.099,2870.0,0.6999999999999993
27081,Lincoln,0.122,680.0,0.107,600.0,1.5
27083,Lyon,0.13,3320.0,0.115,2940.0,1.5
27085,McLeod,0.12,4410.0,0.105,3850.0,1.5
27087,Mahnomen,0.167,900.0,0.165,890.0,0.20000000000000018
27089,Marshall,0.115,1030.0,0.103,920.0,1.200000000000001
27091,Martin,0.154,3040.0,0.125,2490.0,2.9
27093,Meeker,0.118,2770.0,0.102,2380.0,1.6
27095,Mille Lacs,0.135,3670.0,0.128,3440.0,0.7000000000000006
27097,Morrison,0.127,4350.0,0.116,3950.0,1.0999999999999996
27099,Mower,0.122,4930.0,0.113,4510.0,0.8999999999999995
27101,Murray,0.116,940.0,0.103,830.0,1.3000000000000012
27103,Nicollet,0.112,3840.0,0.105,3620.0,0.7000000000000006
27105,Nobles,0.152,3340.0,0.121,2660.0,3.1
27107,Norman,0.122,770.0,0.112,720.0,0.9999999999999996
27109,Olmsted,0.1,16490.0,0.092,15090.0,0.8000000000000007
27111,Otter Tail,0.119,7220.0,0.11,6610.0,0.8999999999999995
27113,Pennington,0.14,1930.0,0.119,1650.0,2.100000000000002
27115,Pine,0.141,4190.0,0.126,3720.0,1.4999999999999987
27117,Pipestone,0.123,1150.0,0.111,1040.0,1.1999999999999997
27119,Polk,0.13,3980.0,0.118,3630.0,1.200000000000001
27121,Pope,0.112,1280.0,0.107,1210.0,0.5000000000000004
27123,Ramsey,0.131,71270.0,0.119,64830.0,1.200000000000001
27125,Red Lake,0.11,430.0,0.103,410.0,0.7000000000000006
27127,Redwood,0.13,1990.0,0.116,1790.0,1.4
27129,Renville,0.13,1890.0,0.116,1690.0,1.4
27131,Rice,0.11,7490.0,0.098,6580.0,1.1999999999999997
27133,Rock,0.105,1010.0,0.098,940.0,0.6999999999999993
27135,Roseau,0.118,1800.0,0.107,1640.0,1.0999999999999996
27137,St. Louis,0.138,27590.0,0.124,24820.0,1.4000000000000012
27139,Scott,0.071,11040.0,0.07,10640.0,0.0999999999999987
27141,Sherburne,0.083,8370.0,0.08,7900.0,0.30000000000000027
27143,Sibley,0.123,1850.0,0.111,1650.0,1.1999999999999997
27145,Stearns,0.122,19670.0,0.113,18080.0,0.8999999999999995
27147,Steele,0.11,4100.0,0.094,3530.0,1.6
27149,Stevens,0.13,1270.0,0.108,1050.0,2.2000000000000006
27151,Swift,0.157,1530.0,0.125,1220.0,3.2
27153,Todd,0.126,3220.0,0.116,2940.0,0.9999999999999996
27155,Traverse,0.132,430.0,0.116,380.0,1.6
27157,Wabasha,0.097,2080.0,0.099,2140.0,-0.20000000000000018
27159,Wadena,0.139,1990.0,0.129,1820.0,1.0000000000000009
27161,Waseca,0.109,2060.0,0.102,1940.0,0.7000000000000006
27163,Washington,0.081,22480.0,0.077,21010.0,0.40000000000000036
27165,Watonwan,0.149,1670.0,0.117,1310.0,3.199999999999999
27167,Wilkin,0.128,810.0,0.124,790.0,0.40000000000000036
27169,Winona,0.123,6110.0,0.109,5410.0,1.4
27171,Wright,0.079,11730.0,0.077,11210.0,0.20000000000000018
27173,Yellow Medicine,0.11,1040.0,0.102,970.0,0.8000000000000007
