FIPS,county_name,fi_rate,fi_people,child_fi_rate,fi_children,cost_per_meal,market_basket_imputed
27001,Aitkin,0.15,2420.0,0.22,550.0,3.86,True
27003,Anoka,0.089,32940.0,0.143,12540.0,3.94,False
27005,Becker,0.135,4760.0,0.192,1580.0,3.79,False
27007,Beltrami,0.15,7000.0,0.207,2380.0,3.59,False
27009,Benton,0.126,5250.0,0.179,1880.0,4.25,False
27011,Big Stone,0.134,690.0,0.192,220.0,3.6,True
27013,Blue Earth,0.132,9190.0,0.168,2310.0,3.95,False
27015,Brown,0.11,2830.0,0.141,790.0,3.76,False
27017,Carlton,0.13,4730.0,0.181,1420.0,3.69,False
27019,Carver,0.078,8570.0,0.104,2900.0,4.5,False
27021,Cass,0.132,4090.0,0.199,1230.0,4.18,False
27023,Chippewa,0.146,1810.0,0.225,680.0,3.72,True
27025,Chisago,0.09,5230.0,0.138,1790.0,5.08,False
27027,Clay,0.128,8480.0,0.165,2690.0,3.83,False
27029,Clearwater,0.151,1300.0,0.208,450.0,3.59,True
27031,Cook,0.12,680.0,0.222,180.0,3.8,True
27033,Cottonwood,0.142,1630.0,0.195,560.0,3.28,True
27035,Crow Wing,0.129,8750.0,0.192,2660.0,3.86,False
27037,Dakota,0.094,41960.0,0.14,15010.0,4.13,False
27039,Dodge,0.093,1960.0,0.137,730.0,4.2,False
27041,Douglas,0.11,4340.0,0.141,1200.0,3.85,False
27043,Faribault,0.129,1800.0,0.191,590.0,3.67,True
27045,Fillmore,0.1,2140.0,0.146,760.0,4.34,False
27047,Freeborn,0.128,3910.0,0.166,1110.0,3.67,False
27049,Goodhue,0.109,5200.0,0.145,1520.0,3.89,False
27051,Grant,0.128,780.0,0.203,290.0,3.85,True
27053,Hennepin,0.113,143160.0,0.153,41950.0,4.56,False
27055,Houston,0.092,1720.0,0.119,480.0,4.06,True
27057,Hubbard,0.128,2800.0,0.189,860.0,3.64,False
27059,Isanti,0.106,4500.0,0.145,1440.0,3.84,False
27061,Itasca,0.139,6300.0,0.198,1800.0,3.67,False
27063,Jackson,0.11,1090.0,0.17,370.0,3.28,True
27065,Kanabec,0.131,2150.0,0.189,660.0,3.6,True
27067,Kandiyohi,0.129,5680.0,0.186,2010.0,3.72,False
27069,Kittson,0.098,400.0,0.142,130.0,3.68,True
27071,Koochiching,0.143,1690.0,0.204,420.0,3.67,True
27073,Lac qui Parle,0.112,750.0,0.149,220.0,3.66,True
27075,Lake,0.116,1270.0,0.185,380.0,3.84,True
27077,Lake of the Woods,0.107,410.0,0.185,130.0,3.59,True
27079,Le Sueur,0.106,3100.0,0.15,1000.0,4.4,False
27081,Lincoln,0.122,680.0,0.167,210.0,3.66,True
27083,Lyon,0.13,3320.0,0.169,1120.0,3.66,False
27085,McLeod,0.12,4410.0,0.16,1290.0,3.82,False
27087,Mahnomen,0.167,900.0,0.261,430.0,3.79,True
27089,Marshall,0.115,1030.0,0.159,330.0,3.68,True
27091,Martin,0.154,3040.0,0.222,1000.0,3.95,True
27093,Meeker,0.118,2770.0,0.159,880.0,3.62,False
27095,Mille Lacs,0.135,3670.0,0.194,1220.0,3.6,False
27097,Morrison,0.127,4350.0,0.18,1420.0,3.64,False
27099,Mower,0.122,4930.0,0.184,1900.0,3.58,False
27101,Murray,0.116,940.0,0.164,290.0,3.28,True
27103,Nicollet,0.112,3840.0,0.155,1140.0,4.28,False
27105,Nobles,0.152,3340.0,0.206,1310.0,3.28,False
27107,Norman,0.122,770.0,0.172,260.0,3.83,True
27109,Olmsted,0.1,16490.0,0.139,5490.0,3.93,False
27111,Otter Tail,0.119,7220.0,0.167,2200.0,3.56,False
27113,Pennington,0.14,1930.0,0.166,480.0,3.6,True
27115,Pine,0.141,4190.0,0.202,1140.0,3.64,False
27117,Pipestone,0.123,1150.0,0.161,400.0,3.68,True
27119,Polk,0.13,3980.0,0.182,1360.0,3.6,False
27121,Pope,0.112,1280.0,0.137,330.0,3.85,True
27123,Ramsey,0.131,71270.0,0.2,25060.0,4.33,False
27125,Red Lake,0.11,430.0,0.135,130.0,3.6,True
27127,Redwood,0.13,1990.0,0.164,620.0,3.66,True
27129,Renville,0.13,1890.0,0.185,630.0,3.72,True
27131,Rice,0.11,7490.0,0.163,2370.0,4.11,False
27133,Rock,0.105,1010.0,0.146,340.0,3.72,True
27135,Roseau,0.118,1800.0,0.172,630.0,3.6,True
27137,St. Louis,0.138,27590.0,0.186,6900.0,3.84,False
27139,Scott,0.071,11040.0,0.107,4270.0,4.2,False
27141,Sherburne,0.083,8370.0,0.121,3130.0,4.14,False
27143,Sibley,0.123,1850.0,0.163,550.0,3.82,True
27145,Stearns,0.122,19670.0,0.172,6550.0,3.72,False
27147,Steele,0.11,4100.0,0.146,1330.0,3.94,False
27149,Stevens,0.13,1270.0,0.172,370.0,3.85,True
27151,Swift,0.157,1530.0,0.221,480.0,3.72,True
27153,Todd,0.126,3220.0,0.187,1180.0,3.91,False
27155,Traverse,0.132,430.0,0.177,120.0,3.85,True
27157,Wabasha,0.097,2080.0,0.127,600.0,4.13,False
27159,Wadena,0.139,1990.0,0.19,710.0,3.64,True
27161,Waseca,0.109,2060.0,0.161,690.0,3.94,True
27163,Washington,0.081,22480.0,0.113,7460.0,4.17,False
27165,Watonwan,0.149,1670.0,0.188,550.0,3.76,True
27167,Wilkin,0.128,810.0,0.154,220.0,3.56,True
27169,Winona,0.123,6110.0,0.154,1350.0,3.9,False
27171,Wright,0.079,11730.0,0.116,4680.0,4.19,False
27173,Yellow Medicine,0.11,1040.0,0.159,340.0,3.66,True
