contact_date,contacts
2022-02-01,1
2022-03-01,5
2022-04-01,4
2022-05-01,2
2022-06-01,2
2022-07-01,7
2022-08-01,5
2022-09-01,2
2022-10-01,3
2022-11-01,6
2022-12-01,4
2023-01-01,1229
2023-02-01,1160
2023-03-01,1187
2023-04-01,1061
2023-05-01,1308
2023-06-01,1333
2023-07-01,1349
2023-08-01,1684
2023-09-01,1509
2023-10-01,1362
2023-11-01,1285
2023-12-01,967
2024-01-01,1443
2024-02-01,926
2024-03-01,1119
2024-04-01,1191
2024-05-01,1158
2024-06-01,1220
2024-07-01,1429
2024-08-01,1479
2024-09-01,1388
2024-10-01,1278
2024-11-01,991
2024-12-01,977
2025-01-01,1107
2025-02-01,1022
2025-03-01,1141
2025-04-01,1016
2025-05-01,979
2025-06-01,1133
2025-07-01,1212
2025-08-01,1075
2025-09-01,1077
2025-10-01,1117
2025-11-01,980
2025-12-01,731
2026-01-01,961
2026-02-01,804
2026-03-01,847
2026-04-01,1105
2026-05-01,1103
2026-06-01,1163
2026-07-01,1079
