Reason,contacts,percent
SNAP Rx,19093,38.39641233962112
Food Shelf,8108,16.30535333628283
Case-Specific Issues,4686,9.423641555725375
Eligibility Requirements,3356,6.748984434702169
Other,2679,5.387523629489603
EBT Card,2450,4.926999959779592
SUN Bucks,1812,3.6439689498451515
Application Status,1602,3.221654667578329
Application Assistance,1231,2.475566102240277
Unknown,1043,2.0974942685918836
General Info,829,1.6671359047580743
Recertification,427,0.8587057072758718
Meal Program,415,0.8345734625749106
SNAP Changes,392,0.7883199935647348
Other non-food social services,342,0.6877689739773961
Farmers market,262,0.5268873426376544
Interview,215,0.43236938422555604
County Office Details,201,0.4042150987411013
E-SNAP,192,0.3861159152153803
Retailer,140,0.2815428548445481
,100,0.20110203917467723
Affordable Groceries,74,0.14881550898926116
CSFP,34,0.06837469331939026
Map Updates,14,0.028154285484454814
WIC,12,0.02413224470096127
Medical Assistance,7,0.014077142742227407
NAPS,4,0.008044081566987089
Eligibility RequirementsSNAP Rx,1,0.0020110203917467723
Application status,1,0.0020110203917467723
Meals on Wheels,1,0.0020110203917467723
Grant,1,0.0020110203917467723
Damaged Food,1,0.0020110203917467723
County Office DetApplication Statusails,1,0.0020110203917467723
