,Missing Count,Missing %,Non-Null Count
SNAPApplicationhelp,49702,99.94972550123676,25
FollowupDate2,49068,98.67476421260079,659
isFollowup2Complete,48853,98.24240352323687,874
HowHear,48652,97.83819655318037,1075
BestContactMethod,47154,94.82574858728658,2573
BridgeToBenefitsScreen,44890,90.2728899792869,4837
Application Mailed,44448,89.38403684115269,5279
zzModificationTSNotServer,42595,85.6576909928208,7132
FollowUpNeeded,35725,71.84225873268043,14002
FollowUpNeededDays,35725,71.84225873268043,14002
isSNAPRx,34162,68.69909707000221,15565
Follow up Date,33988,68.34918655861001,15739
isFollowup1Complete,33057,66.47696422466667,16670
Call Description,30945,62.229774569147544,18782
Referral Source,30535,61.405272789430285,19192
Call Answered,22670,45.58891547851268,27057
CallLength,21504,43.244112856194825,28223
Region,15330,30.828322641623263,34397
County,15159,30.48444507008265,34568
SNAP Status,14997,30.15866631809681,34730
ReferralInfoEntry,14613,29.38645001709333,35114
CallTime,525,1.055764474028194,49202
PrimaryReasonForCall,93,0.18702113539928006,49634
NumberInHouse,17,0.03418665915900818,49710
zzCreationTS,2,0.004021959901059787,49725
CallMethod,0,0.0,49727
zzLastArchived,0,0.0,49727
zzModificationTS,0,0.0,49727
TimeStamp,0,0.0,49727
Date,0,0.0,49727
__ID,0,0.0,49727
