FIPS,county_name,2022,2023,change_pp
27001,Aitkin,0.13,0.137,0.7000000000000006
27003,Anoka,0.072,0.085,1.3000000000000012
27005,Becker,0.107,0.117,1.0000000000000009
27007,Beltrami,0.129,0.138,0.9000000000000008
27009,Benton,0.1,0.115,1.5
27011,Big Stone,0.108,0.119,1.0999999999999996
27013,Blue Earth,0.106,0.117,1.100000000000001
27015,Brown,0.089,0.098,0.9000000000000008
27017,Carlton,0.115,0.12,0.49999999999999906
27019,Carver,0.06,0.073,1.2999999999999998
27021,Cass,0.115,0.126,1.0999999999999996
27023,Chippewa,0.113,0.13,1.7000000000000002
27025,Chisago,0.079,0.088,0.8999999999999995
27027,Clay,0.108,0.116,0.8000000000000007
27029,Clearwater,0.131,0.135,0.40000000000000036
27031,Cook,0.1,0.116,1.6
27033,Cottonwood,0.114,0.132,1.8000000000000003
27035,Crow Wing,0.108,0.116,0.8000000000000007
27037,Dakota,0.071,0.085,1.4000000000000012
27039,Dodge,0.07,0.08,0.9999999999999996
27041,Douglas,0.091,0.1,0.9000000000000008
27043,Faribault,0.107,0.118,1.0999999999999996
27045,Fillmore,0.09,0.099,0.9000000000000008
27047,Freeborn,0.1,0.11,0.9999999999999996
27049,Goodhue,0.09,0.101,1.100000000000001
27051,Grant,0.104,0.116,1.200000000000001
27053,Hennepin,0.087,0.103,1.6
27055,Houston,0.084,0.089,0.49999999999999906
27057,Hubbard,0.11,0.117,0.7000000000000006
27059,Isanti,0.095,0.102,0.6999999999999993
27061,Itasca,0.122,0.133,1.100000000000001
27063,Jackson,0.095,0.105,0.9999999999999996
27065,Kanabec,0.11,0.12,0.9999999999999996
27067,Kandiyohi,0.1,0.113,1.2999999999999998
27069,Kittson,0.098,0.102,0.39999999999999897
27071,Koochiching,0.123,0.129,0.6000000000000005
27073,Lac qui Parle,0.098,0.103,0.49999999999999906
27075,Lake,0.11,0.111,0.10000000000000009
27077,Lake of the Woods,0.103,0.102,-0.10000000000000009
27079,Le Sueur,0.087,0.099,1.200000000000001
27081,Lincoln,0.098,0.107,0.8999999999999995
27083,Lyon,0.106,0.115,0.9000000000000008
27085,McLeod,0.093,0.105,1.1999999999999997
27087,Mahnomen,0.157,0.165,0.8000000000000007
27089,Marshall,0.093,0.103,0.9999999999999996
27091,Martin,0.117,0.125,0.7999999999999994
27093,Meeker,0.089,0.102,1.2999999999999998
27095,Mille Lacs,0.119,0.128,0.9000000000000008
27097,Morrison,0.109,0.116,0.7000000000000006
27099,Mower,0.102,0.113,1.100000000000001
27101,Murray,0.09,0.103,1.2999999999999998
27103,Nicollet,0.095,0.105,0.9999999999999996
27105,Nobles,0.106,0.121,1.5
27107,Norman,0.101,0.112,1.0999999999999996
27109,Olmsted,0.08,0.092,1.1999999999999997
27111,Otter Tail,0.098,0.11,1.1999999999999997
27113,Pennington,0.106,0.119,1.2999999999999998
27115,Pine,0.117,0.126,0.8999999999999995
27117,Pipestone,0.106,0.111,0.5000000000000004
27119,Polk,0.111,0.118,0.6999999999999993
27121,Pope,0.098,0.107,0.8999999999999995
27123,Ramsey,0.105,0.119,1.4
27125,Red Lake,0.101,0.103,0.1999999999999988
27127,Redwood,0.096,0.116,2.0000000000000004
27129,Renville,0.103,0.116,1.3000000000000012
27131,Rice,0.086,0.098,1.200000000000001
27133,Rock,0.088,0.098,1.0000000000000009
27135,Roseau,0.095,0.107,1.1999999999999997
27137,St. Louis,0.115,0.124,0.8999999999999995
27139,Scott,0.062,0.07,0.8000000000000007
27141,Sherburne,0.072,0.08,0.8000000000000007
27143,Sibley,0.096,0.111,1.5
27145,Stearns,0.102,0.113,1.100000000000001
27147,Steele,0.088,0.094,0.6000000000000005
27149,Stevens,0.096,0.108,1.1999999999999997
27151,Swift,0.113,0.125,1.1999999999999997
27153,Todd,0.109,0.116,0.7000000000000006
27155,Traverse,0.098,0.116,1.8000000000000003
27157,Wabasha,0.089,0.099,1.0000000000000009
27159,Wadena,0.12,0.129,0.9000000000000008
27161,Waseca,0.088,0.102,1.4
27163,Washington,0.065,0.077,1.1999999999999997
27165,Watonwan,0.109,0.117,0.8000000000000007
27167,Wilkin,0.111,0.124,1.2999999999999998
27169,Winona,0.099,0.109,0.9999999999999996
27171,Wright,0.068,0.077,0.8999999999999995
27173,Yellow Medicine,0.097,0.102,0.49999999999999906
