FIPS,State,"County, State",Year,fi_rate,Ratio (1 in X) Overall,fi_people,fi_rate_black,fi_rate_hispanic,fi_rate_white_non_hispanic,snap_threshold,fi_below_snap_share,fi_above_snap_share,child_fi_rate,fi_children,% food insecure children in HH w/ HH incomes below 185 FPL,% food insecure children in HH w/ HH incomes above 185 FPL,cost_per_meal,weekly_gap_per_person,annual_budget_shortfall,Rural-Urban Continuum Code (2013),rucc_2023,Census Region,Census Division,FNS Region,county_name,metro_status
27001,MN,"Aitkin County, Minnesota",2022,0.13,8.0,2060.0,,,0.1,2.0,0.754,0.246,0.199,510.0,0.76,0.24,4.37,27.07,1692000.0,8.0,8,Midwest,West North Central,Midwest,Aitkin,Nonmetro (RUCC 4–9)
27001,MN,"Aitkin County, Minnesota",2023,0.137,7.0,2190.0,,,0.11,2.0,0.706,0.294,0.204,520.0,0.67,0.33,3.8,23.76,1579000.0,8.0,8,Midwest,West North Central,Midwest,Aitkin,Nonmetro (RUCC 4–9)
27003,MN,"Anoka County, Minnesota",2022,0.072,14.0,26300.0,0.23,0.19,0.06,2.0,0.565,0.435,0.126,10820.0,0.6,0.4,4.4,27.25,21743000.0,1.0,1,Midwest,West North Central,Midwest,Anoka,Metro (RUCC 1–3)
27003,MN,"Anoka County, Minnesota",2023,0.085,12.0,31330.0,0.27,0.22,0.068,2.0,0.54,0.46,0.133,11620.0,0.63,0.37,3.83,23.96,22770000.0,1.0,1,Midwest,West North Central,Midwest,Anoka,Metro (RUCC 1–3)
27005,MN,"Becker County, Minnesota",2022,0.107,9.0,3780.0,,0.31,0.08,2.0,0.771,0.229,0.165,1390.0,0.93,0.07,4.17,25.84,2962000.0,6.0,6,Midwest,West North Central,Midwest,Becker,Nonmetro (RUCC 4–9)
27005,MN,"Becker County, Minnesota",2023,0.117,9.0,4120.0,,0.32,0.087,2.0,0.682,0.318,0.171,1420.0,0.82,0.18,3.67,22.9,2862000.0,6.0,6,Midwest,West North Central,Midwest,Becker,Nonmetro (RUCC 4–9)
27007,MN,"Beltrami County, Minnesota",2022,0.129,8.0,5960.0,,,0.1,2.0,0.826,0.174,0.191,2190.0,0.89,0.11,3.99,24.75,4474000.0,7.0,7,Midwest,West North Central,Midwest,Beltrami,Nonmetro (RUCC 4–9)
27007,MN,"Beltrami County, Minnesota",2023,0.138,7.0,6390.0,,0.31,0.1,2.0,0.781,0.219,0.2,2320.0,0.88,0.12,3.51,21.94,4252000.0,7.0,7,Midwest,West North Central,Midwest,Beltrami,Nonmetro (RUCC 4–9)
27009,MN,"Benton County, Minnesota",2022,0.1,10.0,4140.0,0.32,0.28,0.08,2.0,0.682,0.318,0.152,1610.0,0.73,0.27,4.6,28.51,3580000.0,3.0,3,Midwest,West North Central,Midwest,Benton,Metro (RUCC 1–3)
27009,MN,"Benton County, Minnesota",2023,0.115,9.0,4780.0,0.36,0.3,0.09,2.0,0.63,0.37,0.154,1630.0,0.72,0.28,4.11,25.66,3721000.0,3.0,3,Midwest,West North Central,Midwest,Benton,Metro (RUCC 1–3)
27011,MN,"Big Stone County, Minnesota",2022,0.108,9.0,560.0,,,0.08,2.0,0.727,0.273,0.156,170.0,0.7,0.3,3.93,24.36,414000.0,9.0,9,Midwest,West North Central,Midwest,Big Stone,Nonmetro (RUCC 4–9)
27011,MN,"Big Stone County, Minnesota",2023,0.119,8.0,610.0,,,0.093,2.0,0.68,0.32,0.179,200.0,0.71,0.29,3.5,21.89,405000.0,9.0,9,Midwest,West North Central,Midwest,Big Stone,Nonmetro (RUCC 4–9)
27013,MN,"Blue Earth County, Minnesota",2022,0.106,9.0,7350.0,0.31,0.26,0.11,2.0,0.803,0.197,0.147,1990.0,0.74,0.26,4.36,27.01,6022000.0,3.0,3,Midwest,West North Central,Midwest,Blue Earth,Metro (RUCC 1–3)
27013,MN,"Blue Earth County, Minnesota",2023,0.117,9.0,8100.0,0.37,0.28,0.11,2.0,0.759,0.241,0.155,2150.0,0.72,0.28,3.84,23.99,5894000.0,3.0,3,Midwest,West North Central,Midwest,Blue Earth,Metro (RUCC 1–3)
27015,MN,"Brown County, Minnesota",2022,0.089,11.0,2310.0,,0.21,0.07,2.0,0.715,0.285,0.125,700.0,0.92,0.08,4.07,25.22,1767000.0,6.0,6,Midwest,West North Central,Midwest,Brown,Nonmetro (RUCC 4–9)
27015,MN,"Brown County, Minnesota",2023,0.098,10.0,2540.0,,0.26,0.078,2.0,0.656,0.344,0.129,730.0,0.82,0.18,3.68,22.97,1770000.0,6.0,6,Midwest,West North Central,Midwest,Brown,Nonmetro (RUCC 4–9)
27017,MN,"Carlton County, Minnesota",2022,0.115,9.0,4200.0,0.18,,0.09,2.0,0.617,0.383,0.162,1300.0,0.71,0.29,4.0,24.79,3158000.0,2.0,2,Midwest,West North Central,Midwest,Carlton,Metro (RUCC 1–3)
27017,MN,"Carlton County, Minnesota",2023,0.12,8.0,4380.0,0.3,,0.089,2.0,0.591,0.409,0.163,1310.0,0.65,0.35,3.56,22.25,2956000.0,2.0,2,Midwest,West North Central,Midwest,Carlton,Metro (RUCC 1–3)
27019,MN,"Carver County, Minnesota",2022,0.06,17.0,6470.0,,0.17,0.04,2.0,0.381,0.619,0.066,1830.0,0.41,0.59,5.19,32.19,6318000.0,1.0,1,Midwest,West North Central,Midwest,Carver,Metro (RUCC 1–3)
27019,MN,"Carver County, Minnesota",2023,0.073,14.0,7930.0,,0.2,0.055,2.0,0.36,0.64,0.075,2090.0,0.39,0.61,4.69,29.33,7055000.0,1.0,1,Midwest,West North Central,Midwest,Carver,Metro (RUCC 1–3)
27021,MN,"Cass County, Minnesota",2022,0.115,9.0,3490.0,,0.23,0.09,2.0,0.811,0.189,0.19,1190.0,0.94,0.06,4.37,27.09,2868000.0,9.0,9,Midwest,West North Central,Midwest,Cass,Nonmetro (RUCC 4–9)
27021,MN,"Cass County, Minnesota",2023,0.126,8.0,3860.0,,0.28,0.092,2.0,0.759,0.241,0.201,1250.0,0.89,0.11,4.04,25.27,2958000.0,9.0,9,Midwest,West North Central,Midwest,Cass,Nonmetro (RUCC 4–9)
27023,MN,"Chippewa County, Minnesota",2022,0.113,9.0,1410.0,,0.27,0.09,2.0,0.778,0.222,0.162,470.0,0.86,0.14,4.1,25.44,1088000.0,7.0,7,Midwest,West North Central,Midwest,Chippewa,Nonmetro (RUCC 4–9)
27023,MN,"Chippewa County, Minnesota",2023,0.13,8.0,1610.0,,0.3,0.094,2.0,0.687,0.313,0.185,540.0,0.78,0.22,3.61,22.58,1103000.0,7.0,7,Midwest,West North Central,Midwest,Chippewa,Nonmetro (RUCC 4–9)
27025,MN,"Chisago County, Minnesota",2022,0.079,13.0,4480.0,,,0.06,2.0,0.512,0.488,0.108,1390.0,0.5,0.5,5.08,31.48,4278000.0,1.0,1,Midwest,West North Central,Midwest,Chisago,Metro (RUCC 1–3)
27025,MN,"Chisago County, Minnesota",2023,0.088,11.0,5030.0,,0.24,0.068,2.0,0.469,0.531,0.116,1510.0,0.46,0.54,4.91,30.68,4680000.0,1.0,1,Midwest,West North Central,Midwest,Chisago,Metro (RUCC 1–3)
27027,MN,"Clay County, Minnesota",2022,0.108,9.0,7050.0,0.37,0.2,0.09,2.0,0.647,0.353,0.154,2480.0,0.62,0.38,4.23,26.21,5605000.0,3.0,3,Midwest,West North Central,Midwest,Clay,Metro (RUCC 1–3)
27027,MN,"Clay County, Minnesota",2023,0.116,9.0,7630.0,0.41,0.24,0.1,2.0,0.611,0.389,0.158,2570.0,0.6,0.41,3.71,23.18,5366000.0,3.0,3,Midwest,West North Central,Midwest,Clay,Metro (RUCC 1–3)
27029,MN,"Clearwater County, Minnesota",2022,0.131,8.0,1120.0,,,0.1,2.0,0.745,0.255,0.179,380.0,0.75,0.25,3.99,24.75,841000.0,8.0,8,Midwest,West North Central,Midwest,Clearwater,Nonmetro (RUCC 4–9)
27029,MN,"Clearwater County, Minnesota",2023,0.135,7.0,1160.0,,,0.1,2.0,0.707,0.293,0.183,390.0,0.72,0.28,3.51,21.94,772000.0,8.0,8,Midwest,West North Central,Midwest,Clearwater,Nonmetro (RUCC 4–9)
27031,MN,"Cook County, Minnesota",2022,0.1,10.0,560.0,,,0.06,2.0,0.581,0.419,0.161,130.0,0.7,0.3,4.04,25.01,425000.0,9.0,9,Midwest,West North Central,Midwest,Cook,Nonmetro (RUCC 4–9)
27031,MN,"Cook County, Minnesota",2023,0.116,9.0,650.0,,,0.079,2.0,0.561,0.439,0.198,170.0,0.74,0.26,3.67,22.95,452000.0,9.0,9,Midwest,West North Central,Midwest,Cook,Nonmetro (RUCC 4–9)
27033,MN,"Cottonwood County, Minnesota",2022,0.114,9.0,1310.0,,0.24,0.09,2.0,0.726,0.274,0.159,450.0,0.81,0.19,3.67,22.77,905000.0,7.0,9,Midwest,West North Central,Midwest,Cottonwood,Nonmetro (RUCC 4–9)
27033,MN,"Cottonwood County, Minnesota",2023,0.132,8.0,1510.0,,0.27,0.097,2.0,0.685,0.315,0.179,520.0,0.83,0.17,3.23,20.16,924000.0,7.0,9,Midwest,West North Central,Midwest,Cottonwood,Nonmetro (RUCC 4–9)
27035,MN,"Crow Wing County, Minnesota",2022,0.108,9.0,7200.0,,0.26,0.09,2.0,0.747,0.253,0.166,2310.0,0.85,0.15,4.37,27.07,5913000.0,4.0,4,Midwest,West North Central,Midwest,Crow Wing,Nonmetro (RUCC 4–9)
27035,MN,"Crow Wing County, Minnesota",2023,0.116,9.0,7790.0,,0.29,0.099,2.0,0.672,0.328,0.169,2360.0,0.83,0.17,3.8,23.76,5615000.0,4.0,4,Midwest,West North Central,Midwest,Crow Wing,Nonmetro (RUCC 4–9)
27037,MN,"Dakota County, Minnesota",2022,0.071,14.0,31260.0,0.22,0.23,0.06,2.0,0.532,0.468,0.114,12040.0,0.56,0.44,4.6,28.5,27023000.0,1.0,1,Midwest,West North Central,Midwest,Dakota,Metro (RUCC 1–3)
27037,MN,"Dakota County, Minnesota",2023,0.085,12.0,37370.0,0.28,0.24,0.064,2.0,0.489,0.511,0.118,12640.0,0.56,0.44,4.01,25.08,28430000.0,1.0,1,Midwest,West North Central,Midwest,Dakota,Metro (RUCC 1–3)
27039,MN,"Dodge County, Minnesota",2022,0.07,14.0,1450.0,,0.22,0.05,2.0,0.582,0.418,0.102,540.0,0.65,0.35,4.67,28.97,1274000.0,3.0,3,Midwest,West North Central,Midwest,Dodge,Metro (RUCC 1–3)
27039,MN,"Dodge County, Minnesota",2023,0.08,13.0,1690.0,,0.23,0.059,2.0,0.51,0.49,0.111,590.0,0.53,0.47,4.04,25.24,1294000.0,3.0,3,Midwest,West North Central,Midwest,Dodge,Metro (RUCC 1–3)
27041,MN,"Douglas County, Minnesota",2022,0.091,11.0,3570.0,,0.26,0.07,2.0,0.662,0.338,0.128,1070.0,0.79,0.21,4.18,25.93,2808000.0,6.0,6,Midwest,West North Central,Midwest,Douglas,Nonmetro (RUCC 4–9)
27041,MN,"Douglas County, Minnesota",2023,0.1,10.0,3930.0,,0.23,0.08,2.0,0.593,0.407,0.129,1090.0,0.68,0.32,3.67,22.91,2731000.0,6.0,6,Midwest,West North Central,Midwest,Douglas,Nonmetro (RUCC 4–9)
27043,MN,"Faribault County, Minnesota",2022,0.107,9.0,1490.0,,0.29,0.08,2.0,0.752,0.248,0.163,500.0,0.88,0.12,4.06,25.16,1137000.0,6.0,8,Midwest,West North Central,Midwest,Faribault,Nonmetro (RUCC 4–9)
27043,MN,"Faribault County, Minnesota",2023,0.118,8.0,1650.0,,0.29,0.093,2.0,0.754,0.246,0.172,520.0,0.92,0.08,3.59,22.46,1124000.0,6.0,8,Midwest,West North Central,Midwest,Faribault,Nonmetro (RUCC 4–9)
27045,MN,"Fillmore County, Minnesota",2022,0.09,11.0,1920.0,,,0.07,2.0,0.716,0.284,0.13,680.0,0.79,0.21,4.58,28.4,1654000.0,3.0,3,Midwest,West North Central,Midwest,Fillmore,Metro (RUCC 1–3)
27045,MN,"Fillmore County, Minnesota",2023,0.099,10.0,2110.0,,,0.08,2.0,0.642,0.358,0.142,740.0,0.7,0.3,4.27,26.66,1707000.0,3.0,3,Midwest,West North Central,Midwest,Fillmore,Metro (RUCC 1–3)
27047,MN,"Freeborn County, Minnesota",2022,0.1,10.0,3080.0,,0.27,0.08,2.0,0.82,0.18,0.152,1020.0,0.95,0.05,4.06,25.16,2350000.0,7.0,7,Midwest,West North Central,Midwest,Freeborn,Nonmetro (RUCC 4–9)
27047,MN,"Freeborn County, Minnesota",2023,0.11,9.0,3370.0,,0.31,0.082,2.0,0.756,0.244,0.142,960.0,0.81,0.19,3.59,22.46,2296000.0,7.0,7,Midwest,West North Central,Midwest,Freeborn,Nonmetro (RUCC 4–9)
27049,MN,"Goodhue County, Minnesota",2022,0.09,11.0,4300.0,0.49,0.2,0.07,2.0,0.607,0.393,0.127,1330.0,0.68,0.32,4.24,26.27,3427000.0,4.0,6,Midwest,West North Central,Midwest,Goodhue,Nonmetro (RUCC 4–9)
27049,MN,"Goodhue County, Minnesota",2023,0.101,10.0,4810.0,0.53,0.23,0.08,2.0,0.574,0.426,0.136,1440.0,0.65,0.35,3.79,23.7,3458000.0,4.0,6,Midwest,West North Central,Midwest,Goodhue,Nonmetro (RUCC 4–9)
27051,MN,"Grant County, Minnesota",2022,0.104,10.0,630.0,,,0.09,2.0,0.84,0.16,0.171,240.0,0.79,0.21,4.18,25.93,496000.0,9.0,9,Midwest,West North Central,Midwest,Grant,Nonmetro (RUCC 4–9)
27051,MN,"Grant County, Minnesota",2023,0.116,9.0,710.0,,,0.094,2.0,0.783,0.217,0.184,260.0,0.78,0.21,3.67,22.91,493000.0,9.0,9,Midwest,West North Central,Midwest,Grant,Nonmetro (RUCC 4–9)
27053,MN,"Hennepin County, Minnesota",2022,0.087,11.0,110400.0,0.31,0.23,0.07,2.0,0.588,0.412,0.143,39250.0,0.65,0.35,4.99,30.94,103605000.0,1.0,1,Midwest,West North Central,Midwest,Hennepin,Metro (RUCC 1–3)
27053,MN,"Hennepin County, Minnesota",2023,0.103,10.0,131040.0,0.35,0.25,0.077,2.0,0.541,0.459,0.145,40020.0,0.65,0.35,4.44,27.76,110358000.0,1.0,1,Midwest,West North Central,Midwest,Hennepin,Metro (RUCC 1–3)
27055,MN,"Houston County, Minnesota",2022,0.084,12.0,1570.0,,,0.06,2.0,0.637,0.363,0.109,440.0,0.68,0.32,4.45,27.6,1314000.0,3.0,3,Midwest,West North Central,Midwest,Houston,Metro (RUCC 1–3)
27055,MN,"Houston County, Minnesota",2023,0.089,11.0,1670.0,,,0.069,2.0,0.604,0.396,0.108,440.0,0.63,0.37,3.94,24.63,1247000.0,3.0,3,Midwest,West North Central,Midwest,Houston,Metro (RUCC 1–3)
27057,MN,"Hubbard County, Minnesota",2022,0.11,9.0,2360.0,,0.32,0.08,2.0,0.726,0.274,0.157,710.0,0.79,0.21,3.94,24.39,1746000.0,7.0,9,Midwest,West North Central,Midwest,Hubbard,Nonmetro (RUCC 4–9)
27057,MN,"Hubbard County, Minnesota",2023,0.117,9.0,2530.0,,,0.09,2.0,0.711,0.289,0.153,700.0,0.85,0.15,3.47,21.68,1663000.0,7.0,9,Midwest,West North Central,Midwest,Hubbard,Nonmetro (RUCC 4–9)
27059,MN,"Isanti County, Minnesota",2022,0.095,11.0,3940.0,,,0.07,2.0,0.632,0.368,0.139,1330.0,0.69,0.31,4.25,26.33,3146000.0,1.0,1,Midwest,West North Central,Midwest,Isanti,Metro (RUCC 1–3)
27059,MN,"Isanti County, Minnesota",2023,0.102,10.0,4270.0,,,0.079,2.0,0.592,0.408,0.14,1360.0,0.63,0.37,3.74,23.35,3024000.0,1.0,1,Midwest,West North Central,Midwest,Isanti,Metro (RUCC 1–3)
27061,MN,"Itasca County, Minnesota",2022,0.122,8.0,5480.0,,0.2,0.1,2.0,0.716,0.284,0.177,1620.0,0.65,0.35,4.02,24.89,4137000.0,6.0,6,Midwest,West North Central,Midwest,Itasca,Nonmetro (RUCC 4–9)
27061,MN,"Itasca County, Minnesota",2023,0.133,8.0,6010.0,,0.24,0.1,2.0,0.685,0.315,0.195,1790.0,0.68,0.32,3.54,22.1,4029000.0,6.0,6,Midwest,West North Central,Midwest,Itasca,Nonmetro (RUCC 4–9)
27063,MN,"Jackson County, Minnesota",2022,0.095,11.0,950.0,,,0.08,2.0,0.74,0.26,0.148,320.0,0.69,0.31,3.67,22.77,656000.0,7.0,9,Midwest,West North Central,Midwest,Jackson,Nonmetro (RUCC 4–9)
27063,MN,"Jackson County, Minnesota",2023,0.105,10.0,1040.0,,,0.083,2.0,0.69,0.31,0.15,330.0,0.63,0.37,3.23,20.16,636000.0,7.0,9,Midwest,West North Central,Midwest,Jackson,Nonmetro (RUCC 4–9)
27065,MN,"Kanabec County, Minnesota",2022,0.11,9.0,1770.0,,,0.08,2.0,0.803,0.197,0.162,560.0,0.84,0.16,3.94,24.41,1311000.0,6.0,8,Midwest,West North Central,Midwest,Kanabec,Nonmetro (RUCC 4–9)
27065,MN,"Kanabec County, Minnesota",2023,0.12,8.0,1960.0,,,0.092,2.0,0.749,0.251,0.167,580.0,0.8,0.2,3.51,21.94,1304000.0,6.0,8,Midwest,West North Central,Midwest,Kanabec,Nonmetro (RUCC 4–9)
27067,MN,"Kandiyohi County, Minnesota",2022,0.1,10.0,4380.0,0.4,0.27,0.07,2.0,0.756,0.244,0.172,1830.0,0.78,0.22,4.1,25.44,3380000.0,4.0,4,Midwest,West North Central,Midwest,Kandiyohi,Nonmetro (RUCC 4–9)
27067,MN,"Kandiyohi County, Minnesota",2023,0.113,9.0,4930.0,,0.27,0.08,2.0,0.692,0.308,0.167,1790.0,0.76,0.24,3.61,22.58,3376000.0,4.0,4,Midwest,West North Central,Midwest,Kandiyohi,Nonmetro (RUCC 4–9)
27069,MN,"Kittson County, Minnesota",2022,0.098,10.0,410.0,,,0.08,2.0,0.655,0.345,0.121,110.0,0.62,0.38,4.1,25.43,316000.0,9.0,9,Midwest,West North Central,Midwest,Kittson,Nonmetro (RUCC 4–9)
27069,MN,"Kittson County, Minnesota",2023,0.102,10.0,430.0,,,0.085,2.0,0.606,0.394,0.122,110.0,0.5,0.5,3.55,22.18,289000.0,9.0,9,Midwest,West North Central,Midwest,Kittson,Nonmetro (RUCC 4–9)
27071,MN,"Koochiching County, Minnesota",2022,0.123,8.0,1490.0,,,0.1,2.0,0.664,0.336,0.205,440.0,0.72,0.28,4.02,24.89,1125000.0,6.0,7,Midwest,West North Central,Midwest,Koochiching,Nonmetro (RUCC 4–9)
27071,MN,"Koochiching County, Minnesota",2023,0.129,8.0,1540.0,,,0.1,2.0,0.6,0.4,0.2,420.0,0.73,0.27,3.54,22.1,1032000.0,6.0,7,Midwest,West North Central,Midwest,Koochiching,Nonmetro (RUCC 4–9)
27073,MN,"Lac qui Parle County, Minnesota",2022,0.098,10.0,660.0,,,0.07,2.0,0.687,0.313,0.142,200.0,0.61,0.39,3.99,24.76,496000.0,9.0,9,Midwest,West North Central,Midwest,Lac qui Parle,Nonmetro (RUCC 4–9)
27073,MN,"Lac qui Parle County, Minnesota",2023,0.103,10.0,690.0,,,0.078,2.0,0.65,0.35,0.14,200.0,0.58,0.42,3.55,22.21,465000.0,9.0,9,Midwest,West North Central,Midwest,Lac qui Parle,Nonmetro (RUCC 4–9)
27075,MN,"Lake County, Minnesota",2022,0.11,9.0,1200.0,,,0.08,2.0,0.647,0.353,0.148,310.0,0.59,0.41,4.25,26.33,959000.0,6.0,8,Midwest,West North Central,Midwest,Lake,Nonmetro (RUCC 4–9)
27075,MN,"Lake County, Minnesota",2023,0.111,9.0,1210.0,,,0.082,2.0,0.643,0.357,0.157,330.0,0.7,0.3,3.75,23.44,860000.0,6.0,8,Midwest,West North Central,Midwest,Lake,Nonmetro (RUCC 4–9)
27077,MN,"Lake of the Woods County, Minnesota",2022,0.103,10.0,390.0,,,0.07,2.0,0.822,0.178,0.182,130.0,1.0,0.0,3.99,24.75,293000.0,9.0,9,Midwest,West North Central,Midwest,Lake of the Woods,Nonmetro (RUCC 4–9)
27077,MN,"Lake of the Woods County, Minnesota",2023,0.102,10.0,390.0,,,0.075,2.0,0.786,0.214,0.162,120.0,0.99,0.01,3.51,21.94,260000.0,9.0,9,Midwest,West North Central,Midwest,Lake of the Woods,Nonmetro (RUCC 4–9)
27079,MN,"Le Sueur County, Minnesota",2022,0.087,11.0,2500.0,,,0.06,2.0,0.593,0.407,0.124,840.0,0.68,0.32,4.68,29.03,2201000.0,1.0,1,Midwest,West North Central,Midwest,Le Sueur,Metro (RUCC 1–3)
27079,MN,"Le Sueur County, Minnesota",2023,0.099,10.0,2870.0,,,0.073,2.0,0.532,0.468,0.126,850.0,0.55,0.45,4.32,26.98,2349000.0,1.0,1,Midwest,West North Central,Midwest,Le Sueur,Metro (RUCC 1–3)
27081,MN,"Lincoln County, Minnesota",2022,0.098,10.0,550.0,,,0.08,2.0,0.754,0.246,0.127,170.0,0.92,0.08,3.99,24.76,413000.0,9.0,9,Midwest,West North Central,Midwest,Lincoln,Nonmetro (RUCC 4–9)
27081,MN,"Lincoln County, Minnesota",2023,0.107,9.0,600.0,,,0.084,2.0,0.678,0.322,0.134,170.0,0.76,0.24,3.55,22.21,404000.0,9.0,9,Midwest,West North Central,Midwest,Lincoln,Nonmetro (RUCC 4–9)
27083,MN,"Lyon County, Minnesota",2022,0.106,9.0,2690.0,0.26,0.3,0.08,2.0,0.785,0.215,0.153,1010.0,0.78,0.22,3.99,24.76,2020000.0,7.0,7,Midwest,West North Central,Midwest,Lyon,Nonmetro (RUCC 4–9)
27083,MN,"Lyon County, Minnesota",2023,0.115,9.0,2940.0,0.39,0.3,0.09,2.0,0.765,0.235,0.153,1010.0,0.74,0.26,3.55,22.21,1981000.0,7.0,7,Midwest,West North Central,Midwest,Lyon,Nonmetro (RUCC 4–9)
27085,MN,"McLeod County, Minnesota",2022,0.093,11.0,3430.0,,0.26,0.07,2.0,0.69,0.31,0.13,1070.0,0.75,0.25,4.16,25.78,2682000.0,6.0,4,Midwest,West North Central,Midwest,McLeod,Nonmetro (RUCC 4–9)
27085,MN,"McLeod County, Minnesota",2023,0.105,10.0,3850.0,,0.28,0.081,2.0,0.599,0.401,0.136,1110.0,0.73,0.27,3.71,23.18,2707000.0,6.0,4,Midwest,West North Central,Midwest,McLeod,Nonmetro (RUCC 4–9)
27087,MN,"Mahnomen County, Minnesota",2022,0.157,6.0,850.0,,,0.09,2.0,0.955,0.045,0.245,410.0,1.0,0.0,4.17,25.84,666000.0,8.0,8,Midwest,West North Central,Midwest,Mahnomen,Nonmetro (RUCC 4–9)
27087,MN,"Mahnomen County, Minnesota",2023,0.165,6.0,890.0,,,0.096,2.0,0.899,0.101,0.256,430.0,1.0,0.0,3.67,22.9,618000.0,8.0,8,Midwest,West North Central,Midwest,Mahnomen,Nonmetro (RUCC 4–9)
27089,MN,"Marshall County, Minnesota",2022,0.093,11.0,840.0,,,0.07,2.0,0.666,0.334,0.134,280.0,0.64,0.36,4.1,25.43,648000.0,8.0,8,Midwest,West North Central,Midwest,Marshall,Nonmetro (RUCC 4–9)
27089,MN,"Marshall County, Minnesota",2023,0.103,10.0,920.0,,,0.079,2.0,0.593,0.407,0.145,310.0,0.57,0.43,3.55,22.18,619000.0,8.0,8,Midwest,West North Central,Midwest,Marshall,Nonmetro (RUCC 4–9)
27091,MN,"Martin County, Minnesota",2022,0.117,9.0,2330.0,,0.31,0.1,2.0,0.779,0.221,0.17,750.0,0.94,0.06,4.36,27.01,1909000.0,7.0,6,Midwest,West North Central,Midwest,Martin,Nonmetro (RUCC 4–9)
27091,MN,"Martin County, Minnesota",2023,0.125,8.0,2490.0,,0.3,0.1,2.0,0.757,0.243,0.173,770.0,0.88,0.12,3.84,23.99,1812000.0,7.0,6,Midwest,West North Central,Midwest,Martin,Nonmetro (RUCC 4–9)
27093,MN,"Meeker County, Minnesota",2022,0.089,11.0,2080.0,,,0.07,2.0,0.652,0.348,0.122,690.0,0.71,0.29,3.98,24.66,1556000.0,6.0,6,Midwest,West North Central,Midwest,Meeker,Nonmetro (RUCC 4–9)
27093,MN,"Meeker County, Minnesota",2023,0.102,10.0,2380.0,,0.25,0.079,2.0,0.622,0.378,0.13,730.0,0.72,0.28,3.52,22.01,1589000.0,6.0,6,Midwest,West North Central,Midwest,Meeker,Nonmetro (RUCC 4–9)
27095,MN,"Mille Lacs County, Minnesota",2022,0.119,8.0,3180.0,,0.25,0.09,2.0,0.73,0.27,0.18,1130.0,0.82,0.18,3.94,24.41,2355000.0,1.0,1,Midwest,West North Central,Midwest,Mille Lacs,Metro (RUCC 1–3)
27095,MN,"Mille Lacs County, Minnesota",2023,0.128,8.0,3440.0,,0.26,0.093,2.0,0.674,0.326,0.185,1160.0,0.72,0.28,3.51,21.94,2289000.0,1.0,1,Midwest,West North Central,Midwest,Mille Lacs,Metro (RUCC 1–3)
27097,MN,"Morrison County, Minnesota",2022,0.109,9.0,3700.0,,0.17,0.09,2.0,0.723,0.277,0.151,1190.0,0.66,0.34,3.99,24.7,2772000.0,6.0,6,Midwest,West North Central,Midwest,Morrison,Nonmetro (RUCC 4–9)
27097,MN,"Morrison County, Minnesota",2023,0.116,9.0,3950.0,,0.23,0.089,2.0,0.665,0.335,0.157,1240.0,0.62,0.38,3.53,22.04,2641000.0,6.0,6,Midwest,West North Central,Midwest,Morrison,Nonmetro (RUCC 4–9)
27099,MN,"Mower County, Minnesota",2022,0.102,10.0,4100.0,0.28,0.22,0.08,2.0,0.74,0.26,0.164,1670.0,0.89,0.11,3.9,24.17,3006000.0,4.0,4,Midwest,West North Central,Midwest,Mower,Nonmetro (RUCC 4–9)
27099,MN,"Mower County, Minnesota",2023,0.113,9.0,4510.0,,0.27,0.084,2.0,0.651,0.349,0.166,1710.0,0.8,0.2,3.48,21.76,2977000.0,4.0,4,Midwest,West North Central,Midwest,Mower,Nonmetro (RUCC 4–9)
27101,MN,"Murray County, Minnesota",2022,0.09,11.0,740.0,,,0.07,2.0,0.658,0.342,0.122,220.0,0.68,0.32,3.67,22.77,511000.0,9.0,9,Midwest,West North Central,Midwest,Murray,Nonmetro (RUCC 4–9)
27101,MN,"Murray County, Minnesota",2023,0.103,10.0,830.0,,,0.077,2.0,0.627,0.373,0.129,230.0,0.6,0.4,3.23,20.16,508000.0,9.0,9,Midwest,West North Central,Midwest,Murray,Nonmetro (RUCC 4–9)
27103,MN,"Nicollet County, Minnesota",2022,0.095,11.0,3270.0,,0.22,0.07,2.0,0.573,0.427,0.13,970.0,0.64,0.36,4.72,29.25,2901000.0,3.0,3,Midwest,West North Central,Midwest,Nicollet,Metro (RUCC 1–3)
27103,MN,"Nicollet County, Minnesota",2023,0.105,10.0,3620.0,0.35,0.23,0.079,2.0,0.573,0.427,0.136,1010.0,0.66,0.34,4.23,26.41,2900000.0,3.0,3,Midwest,West North Central,Midwest,Nicollet,Metro (RUCC 1–3)
27105,MN,"Nobles County, Minnesota",2022,0.106,9.0,2350.0,0.28,0.22,0.07,2.0,0.879,0.121,0.17,1040.0,0.9,0.1,3.67,22.77,1623000.0,7.0,7,Midwest,West North Central,Midwest,Nobles,Nonmetro (RUCC 4–9)
27105,MN,"Nobles County, Minnesota",2023,0.121,8.0,2660.0,0.3,0.26,0.079,2.0,0.839,0.161,0.163,1020.0,0.88,0.12,3.23,20.16,1627000.0,7.0,7,Midwest,West North Central,Midwest,Nobles,Nonmetro (RUCC 4–9)
27107,MN,"Norman County, Minnesota",2022,0.101,10.0,650.0,,,0.08,2.0,0.703,0.297,0.14,210.0,0.77,0.23,4.23,26.21,517000.0,8.0,8,Midwest,West North Central,Midwest,Norman,Nonmetro (RUCC 4–9)
27107,MN,"Norman County, Minnesota",2023,0.112,9.0,720.0,,,0.094,2.0,0.672,0.328,0.151,220.0,0.84,0.17,3.71,23.18,506000.0,8.0,8,Midwest,West North Central,Midwest,Norman,Nonmetro (RUCC 4–9)
27109,MN,"Olmsted County, Minnesota",2022,0.08,12.0,12930.0,0.35,0.23,0.06,2.0,0.565,0.435,0.123,4810.0,0.59,0.41,4.34,26.92,10558000.0,3.0,3,Midwest,West North Central,Midwest,Olmsted,Metro (RUCC 1–3)
27109,MN,"Olmsted County, Minnesota",2023,0.092,11.0,15090.0,0.39,0.25,0.071,2.0,0.505,0.495,0.126,4980.0,0.58,0.42,3.83,23.93,10952000.0,3.0,3,Midwest,West North Central,Midwest,Olmsted,Metro (RUCC 1–3)
27111,MN,"Otter Tail County, Minnesota",2022,0.098,10.0,5890.0,0.36,0.28,0.08,2.0,0.725,0.275,0.142,1840.0,0.82,0.18,3.85,23.84,4260000.0,6.0,6,Midwest,West North Central,Midwest,Otter Tail,Nonmetro (RUCC 4–9)
27111,MN,"Otter Tail County, Minnesota",2023,0.11,9.0,6610.0,0.38,0.3,0.089,2.0,0.681,0.319,0.151,1990.0,0.83,0.17,3.43,21.43,4296000.0,6.0,6,Midwest,West North Central,Midwest,Otter Tail,Nonmetro (RUCC 4–9)
27113,MN,"Pennington County, Minnesota",2022,0.106,9.0,1480.0,,0.21,0.08,2.0,0.626,0.374,0.155,490.0,0.5,0.5,3.75,23.24,1043000.0,6.0,6,Midwest,West North Central,Midwest,Pennington,Nonmetro (RUCC 4–9)
27113,MN,"Pennington County, Minnesota",2023,0.119,8.0,1650.0,,0.25,0.095,2.0,0.63,0.37,0.147,450.0,0.58,0.42,3.48,21.76,1089000.0,6.0,6,Midwest,West North Central,Midwest,Pennington,Nonmetro (RUCC 4–9)
27115,MN,"Pine County, Minnesota",2022,0.117,9.0,3410.0,0.22,,0.09,2.0,0.717,0.283,0.17,960.0,0.7,0.3,3.79,23.48,2428000.0,6.0,8,Midwest,West North Central,Midwest,Pine,Nonmetro (RUCC 4–9)
27115,MN,"Pine County, Minnesota",2023,0.126,8.0,3720.0,0.19,0.3,0.1,2.0,0.674,0.326,0.177,1000.0,0.69,0.31,3.47,21.71,2450000.0,6.0,8,Midwest,West North Central,Midwest,Pine,Nonmetro (RUCC 4–9)
27117,MN,"Pipestone County, Minnesota",2022,0.106,9.0,1000.0,,0.3,0.08,2.0,0.714,0.286,0.166,420.0,0.76,0.24,4.04,25.02,759000.0,6.0,8,Midwest,West North Central,Midwest,Pipestone,Nonmetro (RUCC 4–9)
27117,MN,"Pipestone County, Minnesota",2023,0.111,9.0,1040.0,,,0.085,2.0,0.762,0.238,0.149,380.0,0.93,0.07,3.59,22.41,707000.0,6.0,8,Midwest,West North Central,Midwest,Pipestone,Nonmetro (RUCC 4–9)
27119,MN,"Polk County, Minnesota",2022,0.111,9.0,3440.0,,0.33,0.08,2.0,0.685,0.315,0.158,1200.0,0.7,0.3,3.75,23.24,2425000.0,3.0,3,Midwest,West North Central,Midwest,Polk,Metro (RUCC 1–3)
27119,MN,"Polk County, Minnesota",2023,0.118,8.0,3630.0,,0.37,0.084,2.0,0.66,0.34,0.16,1220.0,0.74,0.26,3.48,21.76,2396000.0,3.0,3,Midwest,West North Central,Midwest,Polk,Metro (RUCC 1–3)
27121,MN,"Pope County, Minnesota",2022,0.098,10.0,1110.0,,,0.07,2.0,0.581,0.419,0.123,290.0,0.65,0.35,4.18,25.93,873000.0,8.0,8,Midwest,West North Central,Midwest,Pope,Nonmetro (RUCC 4–9)
27121,MN,"Pope County, Minnesota",2023,0.107,9.0,1210.0,,,0.078,2.0,0.574,0.426,0.134,330.0,0.62,0.38,3.67,22.91,841000.0,8.0,8,Midwest,West North Central,Midwest,Pope,Nonmetro (RUCC 4–9)
27123,MN,"Ramsey County, Minnesota",2022,0.105,10.0,57430.0,0.31,0.25,0.08,2.0,0.683,0.317,0.19,24000.0,0.81,0.19,4.81,29.81,51931000.0,1.0,1,Midwest,West North Central,Midwest,Ramsey,Metro (RUCC 1–3)
27123,MN,"Ramsey County, Minnesota",2023,0.119,8.0,64830.0,0.35,0.27,0.091,2.0,0.659,0.341,0.194,24470.0,0.83,0.17,4.22,26.35,51819000.0,1.0,1,Midwest,West North Central,Midwest,Ramsey,Metro (RUCC 1–3)
27125,MN,"Red Lake County, Minnesota",2022,0.101,10.0,400.0,,,0.07,2.0,0.637,0.363,0.138,130.0,0.67,0.33,3.75,23.24,282000.0,8.0,8,Midwest,West North Central,Midwest,Red Lake,Nonmetro (RUCC 4–9)
27125,MN,"Red Lake County, Minnesota",2023,0.103,10.0,410.0,,,0.073,2.0,0.602,0.398,0.125,120.0,0.57,0.43,3.48,21.76,271000.0,8.0,8,Midwest,West North Central,Midwest,Red Lake,Nonmetro (RUCC 4–9)
27127,MN,"Redwood County, Minnesota",2022,0.096,10.0,1490.0,,0.2,0.07,2.0,0.738,0.262,0.129,500.0,0.86,0.14,3.99,24.76,1119000.0,7.0,9,Midwest,West North Central,Midwest,Redwood,Nonmetro (RUCC 4–9)
27127,MN,"Redwood County, Minnesota",2023,0.116,9.0,1790.0,,0.24,0.082,2.0,0.679,0.321,0.145,550.0,0.79,0.21,3.55,22.21,1206000.0,7.0,9,Midwest,West North Central,Midwest,Redwood,Nonmetro (RUCC 4–9)
27129,MN,"Renville County, Minnesota",2022,0.103,10.0,1520.0,,0.28,0.07,2.0,0.752,0.248,0.157,540.0,0.77,0.23,4.1,25.44,1173000.0,8.0,9,Midwest,West North Central,Midwest,Renville,Nonmetro (RUCC 4–9)
27129,MN,"Renville County, Minnesota",2023,0.116,9.0,1690.0,,0.3,0.081,2.0,0.718,0.282,0.158,540.0,0.8,0.2,3.61,22.58,1157000.0,8.0,9,Midwest,West North Central,Midwest,Renville,Nonmetro (RUCC 4–9)
27131,MN,"Rice County, Minnesota",2022,0.086,12.0,5750.0,0.37,0.22,0.07,2.0,0.591,0.409,0.142,2040.0,0.75,0.25,4.53,28.09,4899000.0,4.0,4,Midwest,West North Central,Midwest,Rice,Nonmetro (RUCC 4–9)
27131,MN,"Rice County, Minnesota",2023,0.098,10.0,6580.0,0.41,0.23,0.078,2.0,0.526,0.474,0.141,2060.0,0.65,0.35,3.99,24.96,4981000.0,4.0,4,Midwest,West North Central,Midwest,Rice,Nonmetro (RUCC 4–9)
27133,MN,"Rock County, Minnesota",2022,0.088,11.0,850.0,,,0.07,2.0,0.759,0.241,0.126,310.0,0.82,0.18,4.09,25.33,653000.0,6.0,2,Midwest,West North Central,Midwest,Rock,Metro (RUCC 1–3)
27133,MN,"Rock County, Minnesota",2023,0.098,10.0,940.0,,,0.083,2.0,0.716,0.284,0.141,330.0,0.87,0.13,3.63,22.67,646000.0,6.0,2,Midwest,West North Central,Midwest,Rock,Metro (RUCC 1–3)
27135,MN,"Roseau County, Minnesota",2022,0.095,11.0,1450.0,,,0.08,2.0,0.681,0.319,0.145,530.0,0.69,0.31,3.75,23.24,1022000.0,7.0,9,Midwest,West North Central,Midwest,Roseau,Nonmetro (RUCC 4–9)
27135,MN,"Roseau County, Minnesota",2023,0.107,9.0,1640.0,,,0.089,2.0,0.638,0.362,0.157,570.0,0.66,0.34,3.48,21.76,1082000.0,7.0,9,Midwest,West North Central,Midwest,Roseau,Nonmetro (RUCC 4–9)
27137,MN,"St. Louis County, Minnesota",2022,0.115,9.0,23040.0,0.4,0.24,0.1,2.0,0.724,0.276,0.158,5930.0,0.72,0.28,4.25,26.33,18404000.0,2.0,2,Midwest,West North Central,Midwest,St. Louis,Metro (RUCC 1–3)
27137,MN,"St. Louis County, Minnesota",2023,0.124,8.0,24820.0,0.44,0.26,0.11,2.0,0.69,0.31,0.165,6200.0,0.7,0.3,3.75,23.44,17650000.0,2.0,2,Midwest,West North Central,Midwest,St. Louis,Metro (RUCC 1–3)
27139,MN,"Scott County, Minnesota",2022,0.062,16.0,9310.0,0.25,0.2,0.04,2.0,0.505,0.495,0.094,3760.0,0.59,0.41,4.59,28.48,8043000.0,1.0,1,Midwest,West North Central,Midwest,Scott,Metro (RUCC 1–3)
27139,MN,"Scott County, Minnesota",2023,0.07,14.0,10640.0,0.27,0.22,0.049,2.0,0.441,0.559,0.09,3640.0,0.54,0.46,4.05,25.34,8177000.0,1.0,1,Midwest,West North Central,Midwest,Scott,Metro (RUCC 1–3)
27141,MN,"Sherburne County, Minnesota",2022,0.072,14.0,7040.0,0.26,0.18,0.05,2.0,0.517,0.483,0.102,2590.0,0.52,0.48,4.52,27.99,5977000.0,1.0,1,Midwest,West North Central,Midwest,Sherburne,Metro (RUCC 1–3)
27141,MN,"Sherburne County, Minnesota",2023,0.08,13.0,7900.0,0.3,0.2,0.059,2.0,0.514,0.486,0.105,2700.0,0.57,0.43,4.01,25.07,6008000.0,1.0,1,Midwest,West North Central,Midwest,Sherburne,Metro (RUCC 1–3)
27143,MN,"Sibley County, Minnesota",2022,0.096,10.0,1430.0,,0.28,0.07,2.0,0.618,0.382,0.13,450.0,0.62,0.38,4.16,25.78,1118000.0,1.0,8,Midwest,West North Central,Midwest,Sibley,Nonmetro (RUCC 4–9)
27143,MN,"Sibley County, Minnesota",2023,0.111,9.0,1650.0,,0.36,0.079,2.0,0.613,0.387,0.139,470.0,0.71,0.29,3.71,23.18,1160000.0,1.0,8,Midwest,West North Central,Midwest,Sibley,Nonmetro (RUCC 4–9)
27145,MN,"Stearns County, Minnesota",2022,0.102,10.0,16140.0,0.4,0.22,0.08,2.0,0.684,0.316,0.167,6160.0,0.71,0.29,4.11,25.47,12471000.0,3.0,3,Midwest,West North Central,Midwest,Stearns,Metro (RUCC 1–3)
27145,MN,"Stearns County, Minnesota",2023,0.113,9.0,18080.0,0.41,0.26,0.09,2.0,0.652,0.348,0.168,6300.0,0.7,0.31,3.62,22.6,12392000.0,3.0,3,Midwest,West North Central,Midwest,Stearns,Metro (RUCC 1–3)
27147,MN,"Steele County, Minnesota",2022,0.088,11.0,3290.0,0.29,0.23,0.07,2.0,0.697,0.303,0.122,1120.0,0.87,0.13,4.3,26.64,2658000.0,5.0,5,Midwest,West North Central,Midwest,Steele,Nonmetro (RUCC 4–9)
27147,MN,"Steele County, Minnesota",2023,0.094,11.0,3530.0,0.34,0.26,0.073,2.0,0.636,0.364,0.124,1140.0,0.78,0.22,3.83,23.94,2563000.0,5.0,5,Midwest,West North Central,Midwest,Steele,Nonmetro (RUCC 4–9)
27149,MN,"Stevens County, Minnesota",2022,0.096,10.0,930.0,,0.22,0.07,2.0,0.693,0.307,0.127,270.0,0.69,0.31,4.18,25.93,732000.0,7.0,7,Midwest,West North Central,Midwest,Stevens,Nonmetro (RUCC 4–9)
27149,MN,"Stevens County, Minnesota",2023,0.108,9.0,1050.0,,0.23,0.084,2.0,0.67,0.33,0.134,290.0,0.75,0.25,3.67,22.91,730000.0,7.0,7,Midwest,West North Central,Midwest,Stevens,Nonmetro (RUCC 4–9)
27151,MN,"Swift County, Minnesota",2022,0.113,9.0,1110.0,,0.33,0.09,2.0,0.862,0.138,0.179,400.0,1.0,0.0,4.1,25.44,856000.0,7.0,9,Midwest,West North Central,Midwest,Swift,Nonmetro (RUCC 4–9)
27151,MN,"Swift County, Minnesota",2023,0.125,8.0,1220.0,,0.38,0.096,2.0,0.821,0.179,0.181,410.0,1.0,0.0,3.61,22.58,835000.0,7.0,9,Midwest,West North Central,Midwest,Swift,Nonmetro (RUCC 4–9)
27153,MN,"Todd County, Minnesota",2022,0.109,9.0,2750.0,,0.24,0.08,2.0,0.793,0.207,0.167,1010.0,0.85,0.15,4.18,25.92,2162000.0,6.0,8,Midwest,West North Central,Midwest,Todd,Nonmetro (RUCC 4–9)
27153,MN,"Todd County, Minnesota",2023,0.116,9.0,2940.0,,0.28,0.09,2.0,0.792,0.208,0.172,1070.0,0.89,0.11,3.77,23.57,2102000.0,6.0,8,Midwest,West North Central,Midwest,Todd,Nonmetro (RUCC 4–9)
27155,MN,"Traverse County, Minnesota",2022,0.098,10.0,330.0,,,0.07,2.0,0.775,0.225,0.147,110.0,0.88,0.12,4.18,25.93,260000.0,9.0,9,Midwest,West North Central,Midwest,Traverse,Nonmetro (RUCC 4–9)
27155,MN,"Traverse County, Minnesota",2023,0.116,9.0,380.0,,,0.088,2.0,0.727,0.273,0.166,120.0,0.88,0.12,3.67,22.91,264000.0,9.0,9,Midwest,West North Central,Midwest,Traverse,Nonmetro (RUCC 4–9)
27157,MN,"Wabasha County, Minnesota",2022,0.089,11.0,1910.0,,0.33,0.06,2.0,0.58,0.42,0.122,560.0,0.65,0.35,4.03,24.98,1447000.0,3.0,3,Midwest,West North Central,Midwest,Wabasha,Metro (RUCC 1–3)
27157,MN,"Wabasha County, Minnesota",2023,0.099,10.0,2140.0,,0.39,0.072,2.0,0.523,0.477,0.131,620.0,0.57,0.43,4.28,26.76,1737000.0,3.0,3,Midwest,West North Central,Midwest,Wabasha,Metro (RUCC 1–3)
27159,MN,"Wadena County, Minnesota",2022,0.12,8.0,1700.0,,,0.11,2.0,0.837,0.163,0.17,630.0,0.84,0.16,3.94,24.39,1258000.0,7.0,9,Midwest,West North Central,Midwest,Wadena,Nonmetro (RUCC 4–9)
27159,MN,"Wadena County, Minnesota",2023,0.129,8.0,1820.0,,,0.12,2.0,0.778,0.222,0.179,660.0,0.74,0.26,3.47,21.68,1197000.0,7.0,9,Midwest,West North Central,Midwest,Wadena,Nonmetro (RUCC 4–9)
27161,MN,"Waseca County, Minnesota",2022,0.088,11.0,1670.0,,0.27,0.06,2.0,0.721,0.279,0.126,550.0,0.64,0.36,4.3,26.64,1349000.0,6.0,6,Midwest,West North Central,Midwest,Waseca,Nonmetro (RUCC 4–9)
27161,MN,"Waseca County, Minnesota",2023,0.102,10.0,1940.0,,0.32,0.075,2.0,0.7,0.3,0.139,610.0,0.62,0.38,3.83,23.94,1409000.0,6.0,6,Midwest,West North Central,Midwest,Waseca,Nonmetro (RUCC 4–9)
27163,MN,"Washington County, Minnesota",2022,0.065,15.0,17390.0,0.15,0.19,0.05,2.0,0.471,0.529,0.088,5700.0,0.47,0.53,4.67,28.95,15271000.0,1.0,1,Midwest,West North Central,Midwest,Washington,Metro (RUCC 1–3)
27163,MN,"Washington County, Minnesota",2023,0.077,13.0,21010.0,0.2,0.22,0.06,2.0,0.432,0.568,0.097,6360.0,0.44,0.56,4.07,25.4,16190000.0,1.0,1,Midwest,West North Central,Midwest,Washington,Metro (RUCC 1–3)
27165,MN,"Watonwan County, Minnesota",2022,0.109,9.0,1220.0,,0.25,0.08,2.0,0.715,0.285,0.15,410.0,0.67,0.33,4.07,25.22,933000.0,6.0,8,Midwest,West North Central,Midwest,Watonwan,Nonmetro (RUCC 4–9)
27165,MN,"Watonwan County, Minnesota",2023,0.117,9.0,1310.0,,0.27,0.091,2.0,0.731,0.269,0.154,440.0,0.72,0.28,3.68,22.97,913000.0,6.0,8,Midwest,West North Central,Midwest,Watonwan,Nonmetro (RUCC 4–9)
27167,MN,"Wilkin County, Minnesota",2022,0.111,9.0,720.0,,,0.1,2.0,0.695,0.305,0.139,190.0,0.84,0.16,3.85,23.84,521000.0,6.0,8,Midwest,West North Central,Midwest,Wilkin,Nonmetro (RUCC 4–9)
27167,MN,"Wilkin County, Minnesota",2023,0.124,8.0,790.0,,,0.1,2.0,0.66,0.34,0.153,220.0,0.78,0.22,3.43,21.43,513000.0,6.0,8,Midwest,West North Central,Midwest,Wilkin,Nonmetro (RUCC 4–9)
27169,MN,"Winona County, Minnesota",2022,0.099,10.0,4950.0,,0.24,0.09,2.0,0.743,0.257,0.12,1060.0,0.72,0.28,4.28,26.5,3980000.0,4.0,4,Midwest,West North Central,Midwest,Winona,Nonmetro (RUCC 4–9)
27169,MN,"Winona County, Minnesota",2023,0.109,9.0,5410.0,0.43,0.25,0.098,2.0,0.681,0.319,0.139,1230.0,0.69,0.31,3.79,23.71,3891000.0,4.0,4,Midwest,West North Central,Midwest,Winona,Nonmetro (RUCC 4–9)
27171,MN,"Wright County, Minnesota",2022,0.068,15.0,9730.0,0.06,,0.05,2.0,0.489,0.511,0.089,3480.0,0.55,0.45,4.61,28.55,8426000.0,1.0,1,Midwest,West North Central,Midwest,Wright,Metro (RUCC 1–3)
27171,MN,"Wright County, Minnesota",2023,0.077,13.0,11210.0,0.13,,0.057,2.0,0.453,0.547,0.096,3840.0,0.54,0.46,4.06,25.37,8626000.0,1.0,1,Midwest,West North Central,Midwest,Wright,Metro (RUCC 1–3)
27173,MN,"Yellow Medicine County, Minnesota",2022,0.097,10.0,930.0,,,0.08,2.0,0.748,0.252,0.135,300.0,0.74,0.26,3.99,24.76,698000.0,9.0,9,Midwest,West North Central,Midwest,Yellow Medicine,Nonmetro (RUCC 4–9)
27173,MN,"Yellow Medicine County, Minnesota",2023,0.102,10.0,970.0,,,0.081,2.0,0.756,0.244,0.14,310.0,0.75,0.25,3.55,22.21,653000.0,9.0,9,Midwest,West North Central,Midwest,Yellow Medicine,Nonmetro (RUCC 4–9)
